Tm,2023-24,2024-25,2025-26,2026-27,2027-28,2028-29,Guaranteed,Player
GSW,51915615,55761216,59606817,,,,167283648,Stephen Curry
PHO,47649433,51179021,54708609,,,,153537063,Kevin Durant
DEN,47607350,51415938,55224526,59033114,62841702,,213280928,Nikola Jokic
PHI,47607350,51415938,55224526,59033114,,,154247814,Joel Embiid
LAL,47607350,51415938,,,,,47607350,LeBron James
PHO,46741590,50203930,53666270,57128610,,,150611790,Bradley Beal
MIL,45640084,48787676,68302746,73766966,79231186,,236497472,Giannis Antetokounmpo
MIL,45640084,48787676,58545211,63228828,,,152972971,Damian Lillard
LAC,45640084,48787676,,,,,45640084,Kawhi Leonard
LAC,45640084,48787676,,,,,45640084,Paul George
MIA,45183960,48798677,52413394,,,,93982637,Jimmy Butler
GSW,43219440,,,,,,43219440,Klay Thompson
MIN,41000000,43827586,46655172,,,,84827586,Rudy Gobert
HOU,40806300,42846615,44886930,,,,128539845,Fred VanVleet
LAL,40600080,43219440,60507216,65347793,70188370,,279862899,Anthony Davis
ATL,40064220,43031940,45999660,48967380,,,178063200,Trae Young
DAL,40064220,43031940,45999660,48967380,,,129095820,Luka Doncic
CHI,40064220,43031940,45999660,48967380,,,129095820,Zach LaVine
PHI,39270150,,,,,,39270150,Tobias Harris
BRK,37893408,40338144,,,,,78231552,Ben Simmons
TOR,37893408,,,,,,37893408,Pascal Siakam
DAL,37037037,40000000,42962963,,,,77037037,Kyrie Irving
BOS,36861707,39403894,,,,,36861707,Jrue Holiday
PHO,36016200,49700000,53676000,57652000,61628000,,258672200,Devin Booker
MIN,36016200,49245000,53184600,57124200,61063800,,195570000,Karl-Anthony Towns
BOS,36016200,29268293,30731707,,,,96016200,Kristaps Porzingis
NOP,35802469,33333333,30666666,,,,99802468,CJ McCollum
LAC,35640000,,,,,,35640000,James Harden
NOP,34005250,36725670,39446090,42166510,44886930,,197230450,Zion Williamson
MEM,34005250,36725670,39446090,42166510,44886930,,197230450,Ja Morant
CLE,34005250,36725670,39446090,42166510,44886930,,197230450,Darius Garland
NOP,33833400,36016200,,,,,69849600,Brandon Ingram
DEN,33833400,36016200,,,,,69849600,Jamal Murray
OKC,33386850,35859950,38333050,40806150,,,148386000,Shai Gilgeous-Alexander
DEN,33386850,35859950,38333050,40806150,,,119579850,Michael Porter Jr.
CLE,33162030,35410310,37096620,,,,68572340,Donovan Mitchell
SAC,32600060,34848340,37096620,,,,104545020,De'Aaron Fox
MIA,32600060,34848340,37096620,,,,104545020,Bam Adebayo
BOS,32600060,34848340,37096620,,,,67448400,Jayson Tatum
POR,32459438,34005126,35550814,,,,102015378,Deandre Ayton
BOS,31830357,49700000,53676000,57652000,61628000,65604000,320090357,Jaylen Brown
CHO,31500000,,,,,,31500000,Gordon Hayward
GSW,30800000,30000000,,,,,15800000,Chris Paul
SAC,30600000,41800000,44936000,48072000,51208000,,216616000,Domantas Sabonis
MIA,29682540,,,,,,29682540,Kyle Lowry
MIL,29320988,31666667,34012345,,,,60987655,Khris Middleton
CHI,28600000,,,,,,28600000,DeMar DeRozan
NYK,28226880,30317760,32408640,,,,58544640,Julius Randle
POR,27586207,29793104,32000001,34206898,36413790,,123586210,Jerami Grant
WAS,27455357,29651786,31848215,34044642,,,123000000,Jordan Poole
MEM,27102202,25257798,23413395,,,,75773395,Jaren Jackson Jr.
MIA,27000000,29000000,31000000,33000000,,,120000000,Tyler Herro
NYK,26346666,24960001,24960001,,,,51306667,Jalen Brunson
BRK,25679348,23625000,21570652,23625000,,,94500000,Cameron Johnson
WAS,25568182,23522727,21477272,19431819,,,90000000,Kyle Kuzma
UTA,25340000,26580000,26580000,,,,78500000,John Collins
MIL,25000000,23000000,,,,,48000000,Brook Lopez
MIN,24360000,,,,,,24360000,Mike Conley
GSW,24330357,26276786,28223215,30169644,,,78830358,Andrew Wiggins
POR,24107143,25892857,27678571,,,,77678571,Anfernee Simons
NYK,23883929,25794643,27705357,29616071,,,107000000,RJ Barrett
UTA,23487629,14092577,14285714,,,,51865920,Jordan Clarkson
CHO,23205221,24924126,26643031,,,,74772378,Terry Rozier
HOU,22627671,22255493,21124110,19992727,,,86000001,Dillon Brooks
POR,22500000,22500000,,,,,45000000,Malcolm Brogdon
GSW,22321429,24107143,25892857,27678571,,,100000000,Draymond Green
DEN,22266182,23841455,23841455,,,,46107637,Aaron Gordon
IND,22000000,23000000,,,,,22000000,Bruce Brown
BRK,21700000,23300000,24900000,,,,69900000,Mikal Bridges
IND,20975000,19928500,,,,,40903500,Myles Turner
ATL,20616000,22265280,,,,,42881280,Clint Capela
CHI,20465117,21395348,,,,,20465117,Lonzo Ball
BRK,20357143,,,,,,20357143,Spencer Dinwiddie
ATL,20089286,21696429,23303571,24910714,,,90000000,De'Andre Hunter
SAS,20000000,19000000,17500000,17500000,,,74000000,Keldon Johnson
CLE,20000000,20000000,20000000,,,,60000000,Jarrett Allen
DET,20000000,19032850,,,,,20000000,Bojan Bogdanovic
DET,19928571,,,,,,19928571,Joe Harris
TOR,19500000,19500000,19500000,19500000,,,58500000,Jakob Poeltl
IND,19279841,,,,,,19279841,Buddy Hield
NYK,18857143,19000000,,,,,37857143,Evan Fournier
MEM,18833713,20210284,21586855,,,,60630852,Marcus Smart
ATL,18700000,17260000,16020000,16020000,,,51980000,Bogdan Bogdanovic
TOR,18642857,19928571,,,,,18642857,OG Anunoby
TOR,18560000,,,,,,18560000,Gary Trent Jr.
CHI,18518519,20000000,21481481,,,,60000000,Nikola Vucevic
BOS,18357143,19571429,,,,,37928572,Derrick White
ATL,18214000,25499599,27539568,29579537,31619506,,100832704,Dejounte Murray
MIA,18154000,19406000,19888000,,,,47448000,Duncan Robinson
LAC,18000000,19241379,20482758,,,,57724137,Norman Powell
DAL,17897728,16193183,,,,,34090911,Tim Hardaway Jr.
ORL,17400000,17400000,,,,,7400000,Jonathan Isaac
UTA,17325000,18150000,18975000,,,,54450000,Collin Sexton
LAL,17307693,18692307,,,,,36000000,D'Angelo Russell
UTA,17259999,18044544,,,,,23259999,Lauri Markkanen
PHI,17116279,,,,,,17116279,Marcus Morris
SAC,17000000,18000000,19000000,,,,54000000,Harrison Barnes
OKC,17000000,16000000,,,,,28000000,Davis Bertans
ORL,17000000,,,,,,2000000,Markelle Fultz
PHO,16875000,18125000,19375000,,,,54375000,Jusuf Nurkic
CHO,16847826,15500000,14152174,,,,46500000,P.J. Washington
OKC,15860000,1000000,,,,,16860000,Kevin Porter Jr.
LAL,15740741,17000000,18259259,,,,51000000,Rui Hachimura
NYK,15681818,14318182,12954546,,,,42954546,Mitchell Robinson
SAC,15669643,16830357,17991071,,,,50491071,Kevin Huerter
NOP,15435000,,,,,,15435000,Jonas Valanciunas
CLE,15384616,16615384,,,,,32000000,Caris LeVert
OKC,15277778,16500000,17722222,17722222,,,49500000,Luguentz Dort
MEM,14763636,14763636,,,,,14763636,Luke Kennard
DEN,14704938,15440185,,,,,14704938,Kentavious Caldwell-Pope
CLE,14487684,15212068,15936452,16660836,,,62297040,Max Strus
WAS,14000000,,,,,,14000000,Tyus Jones
BRK,13932008,14924167,15378480,,,,28856175,Dorian Finney-Smith
SAS,13750000,,,,,,13750000,Doug McDermott
MIN,13534817,35500000,38340000,41180000,44020000,46860000,219434817,Anthony Edwards
ORL,13050000,11950000,10850000,,,,35850000,Wendell Carter Jr.
ORL,13000000,,,,,,13000000,Gary Harris
NYK,12960000,18144000,19472240,20923760,22375280,,93875280,Josh Hart
MIN,12950400,13986432,15022464,,,,26936832,Naz Reid
MEM,12600000,12600000,,,,,25200000,Steven Adams
MEM,12500000,12500000,12500000,12500000,,,50000000,Brandon Clarke
DET,12500000,12500000,,,,,25000000,Marvin Bagley III
DAL,12405000,13025250,13645500,14265750,,,53341500,Grant Williams
TOR,12405000,13025250,,,,,25430250,Dennis Schröder
WAS,12402000,13394160,14386320,,,,40182480,Daniel Gafford
UTA,12195122,,,,,,3000000,Kelly Olynyk
SAS,12160680,12768960,13376880,16868246,,,24929640,Victor Wembanyama
DET,12119440,,,,,,12119440,James Wiseman
SAS,12100000,12650000,,,,,14950000,Devonte' Graham
DAL,12046020,12876780,,,,,12046020,Richaun Holmes
NOP,12015150,12976362,13937574,14898786,,,53827872,Herbert Jones
LAL,12015150,12976362,13937574,14898786,,,38929086,Austin Reaves
TOR,11750000,10810000,,,,,22560000,Chris Boucher
MIL,11710818,12578286,13445754,,,,24289104,Bobby Portis
PHI,11710818,,,,,,11710818,Nicolas Batum
PHI,11692308,,,,,,11692308,Robert Covington
ORL,11608080,12160800,15334769,,,,23768880,Paolo Banchero
POR,11571429,12428571,13285713,,,,37285713,Robert Williams
CHI,11111111,12000000,12888889,,,,36000000,Coby White
DET,11055360,13940809,,,,,24996169,Cade Cunningham
UTA,11020000,,,,,,11020000,Talen Horton-Tucker
LAC,11014500,11539000,,,,,11014500,P.J. Tucker
SAS,13033786,,,,,,11014080,Reggie Bullock
DAL,11000000,11000000,11000000,,,,33000000,Maxi Kleber
ORL,11000000,11000000,,,,,11000000,Joe Ingles
LAC,10933333,11743210,,,,,22676543,Ivica Zubac
CHO,10900635,35500000,38340000,41180000,44020000,46860000,216800635,LaMelo Ball
NYK,10900000,11445000,11990000,12535000,,,46870000,Donte DiVincenzo
CHO,10880400,11424600,11968800,15104626,,,22305000,Brandon Miller
LAC,10576923,11423077,,,,,22000000,Terance Mann
LAL,10500000,11000000,11500000,,,,33000000,Gabe Vincent
POR,10500000,11025000,11550000,,,,21525000,Matisse Thybulle
DET,10489600,,,,,,10489600,Alec Burks
OKC,10386000,10880640,13731368,,,,21266640,Chet Holmgren
NOP,10375000,11205000,,,,,21580000,Larry Nance Jr.
WAS,10250000,11000000,11750000,,,,33000000,Landry Shamet
BOS,10000000,9500000,,,,,19500000,Al Horford
SAC,9945830,,,,,,9945830,Malik Monk
SAS,9895833,9104167,,,,,19000000,Tre Jones
HOU,9891480,12483048,,,,,22374528,Jalen Green
CHI,9835881,,,,,,9835881,Patrick Williams
DET,9800926,,,,,,9800926,Monte Morris
POR,9770880,10259160,10748040,13585523,,,20030040,Scoot Henderson
BRK,9625000,,,,,,9625000,Nic Claxton
HOU,9600000,9600000,,,,,19200000,Jeff Green
BRK,9500000,,,,,,2500000,Royce O'Neale
CHI,9460000,9890000,,,,,19350000,Alex Caruso
HOU,9450000,,,,,,9450000,Victor Oladipo
MIL,9423869,9423869,9423869,,,,28271607,Pat Connaughton
HOU,9326520,9770880,12350392,,,,19097400,Jabari Smith Jr.
NYK,9245121,,,,,,9245121,Isaiah Hartenstein
MIN,9219512,,,,,,9219512,Kyle Anderson
PHO,8925000,,,,,,8925000,Grayson Allen
CLE,8920795,,,,,,8920795,Isaac Okoro
CLE,8882640,11227657,,,,,20110297,Evan Mobley
HOU,8809320,9249960,9690600,12258609,,,18059280,Amen Thompson
CLE,8800000,8500000,8200000,,,,25500000,Georges Niang
GSW,8715000,9130000,,,,,8715000,Gary Payton II
IND,8700000,9300000,,,,,13700000,T.J. McConnell
SAC,8409000,8809560,11144093,,,,17218560,Keegan Murray
WAS,8195122,,,,,,8195122,Delon Wright
ATL,8109063,14000000,15000000,16120000,16880000,,70109063,Onyeka Okongwu
TOR,8008680,10130980,,,,,18139660,Scottie Barnes
HOU,8000000,8000000,8000000,8000000,,,24000000,Jock Landale
SAC,8000000,8000000,,,,,16000000,Trey Lyles
TOR,8000000,,,,,,8000000,Thaddeus Young
PHI,8000000,,,,,,8000000,De'Anthony Melton
ORL,8000000,8000000,,,,,8000000,Moritz Wagner
DET,7977480,8376000,8775000,11117925,,,16353480,Ausar Thompson
CHO,7921300,,,,,,7921300,Miles Bridges
OKC,7723000,7723000,8109150,,,,23555150,Vasilije Micic
PHI,7723000,7723000,8109150,,,,7723000,Paul Reed
SAS,7700000,16741200,18080496,,,,42521696,Zach Collins
DET,7614480,7977240,10107163,,,,15591720,Jaden Ivey
CHO,7560000,8120000,8680000,,,,15680000,Cody Martin
GSW,7500000,8000000,,,,,15500000,Kevon Looney
DET,7413955,,,,,,7413955,Killian Hayes
ORL,7252080,9188385,,,,,16440465,Jalen Suggs
ORL,7245480,7607760,7970280,10106316,,,14853240,Anthony Black
SAS,6985000,,,,,,6985000,Khem Birch
IND,8670002,,,,,,6928876,Daniel Theis
IND,6916080,7245720,9187573,,,,14161800,Bennedict Mathurin
IND,6803012,,,,,,6803012,Obi Toppin
MIA,6802950,7126900,,,,,13929850,Caleb Martin
WAS,6802950,,,,,,6802950,Danilo Gallinari
HOU,6802950,,,,,,6802950,John Wall
ATL,6802950,,,,,,6802950,Patty Mills
SAS,6718842,,,,,,6718842,Cedi Osman
WAS,6614280,6945240,7275600,9240012,,,13559520,Bilal Coulibaly
OKC,6587040,8352367,,,,,14939407,Josh Giddey
SAS,8519706,,,,,,6500000,Cameron Payne
HOU,6500000,7065217,,,,,6500000,Jae'Sean Tate
CHI,6481482,7000000,7518518,,,,21000000,Ayo Dosunmu
OKC,,,,,,,6479000,Rudy Gay
SAC,6341464,6658536,6975609,,,,13000000,Sasha Vezenkov
POR,6313800,6614160,8399983,,,,12927960,Shaedon Sharpe
TOR,6300000,,,,,,6300000,Otto Porter Jr.
WAS,6263188,15625000,14375000,13125000,11875000,,61263188,Deni Avdija
PHO,6250000,6750000,7250000,7750000,,,28000000,Nassir Little
CHI,6190476,6500000,6809524,,,,12690476,Jevon Carter
OKC,6175000,6669000,7163000,7163000,,,20007000,Kenrich Williams
CLE,6146342,6439025,,,,,10396342,Ricky Rubio
IND,6059520,6362520,6665520,8478542,,,12422040,Jarace Walker
GSW,6012840,7636307,,,,,13649147,Jonathan Kuminga
SAS,5887899,29347826,27000000,27000000,24652174,27000000,140887899,Devin Vassell
IND,5808435,35500000,38340000,41180000,44020000,46860000,211708435,Tyrese Haliburton
NOP,5784120,6059520,7707709,,,,11843640,Dyson Daniels
NOP,5722116,,,,,,5722116,Kira Lewis Jr.
CLE,5709877,6166667,6623456,,,,11876544,Dean Wade
IND,5634257,11000000,11000000,11000000,,,38634257,Aaron Nesmith
UTA,5569920,5848680,6127080,7805900,,,11418600,Taylor Hendricks
ORL,5539771,12900000,13100000,13100000,,,31539771,Cole Anthony
ORL,5508720,7007092,,,,,12515812,Franz Wagner
PHI,5370370,,,,,,5370370,Furkan Korkmaz
SAS,5316960,5570040,7096231,,,,10887000,Jeremy Sochan
OKC,5291400,5555880,5820240,7420806,,,10847280,Cason Wallace
DET,5266713,15000000,15000000,15000000,15000000,,50266713,Isaiah Stewart
ORL,5266713,,,,,,5266713,Chuma Okeke
SAC,5063640,6451077,,,,,11514717,Davion Mitchell
WAS,5050800,5291160,6746229,,,,10341960,Johnny Davis
IND,5043773,5417386,,,,,5043773,Jalen Smith
ORL,5026800,5278320,5529720,7337939,,,10305120,Jett Howard
OKC,5009633,,,,,,5009633,Aleksej Pokusevski
CHO,5000000,5000000,5000000,,,,10000000,Nick Richards
MIN,5000000,5000000,,,,,5000000,Shake Milton
LAC,5000000,,,,,,5000000,Mason Plumlee
DEN,5000000,5250000,,,,,5000000,Reggie Jackson
MEM,5000000,,,,,,1000000,Bismack Biyombo
MEM,4810200,6133005,,,,,10943205,Ziaire Williams
OKC,4798440,5027040,6670882,,,,9825480,Ousmane Dieng
DAL,4775640,5014560,5253360,7239131,,,9790200,Dereck Lively II
DAL,4765339,12654321,13666667,14679012,,,45765339,Josh Green
LAL,4698000,10714286,11571429,12428571,13285714,,39412286,Jarred Vanderbilt
MIN,4687500,4312500,,,,,9000000,Nickeil Alexander-Walker
CHO,4570080,6064496,,,,,4570080,James Bouknight
OKC,4558680,4775760,6580997,,,,9334440,Jalen Williams
ATL,4556983,,,,,,4556983,Saddiq Bey
TOR,4536720,4763760,4990560,7131511,,,9300480,Gradey Dick
TOR,4516000,4741800,,,,,9257800,Jalen McDaniels
LAL,4516000,,,,,,4516000,Taurean Prince
TOR,4379527,,,,,,4379527,Precious Achiuwa
PHI,4343920,,,,,,4343920,Tyrese Maxey
SAS,6105941,2196970,,,,,4341600,Joshua Primo
DET,4330680,4536840,6483144,,,,8867520,Jalen Duren
PHI,4310250,,,,,,4310250,Danuel House Jr.
NOP,4310160,4525680,4741320,7021895,,,8835840,Jordan Hawkins
DEN,4306281,8888889,8177778,7466667,7466667,,28839615,Zeke Nnaji
NYK,4171548,,,,,,4171548,Immanuel Quickley
SAC,4124400,5893768,,,,,10018168,Chris Duarte
UTA,4114200,4310280,6383525,,,,8424480,Ochai Agbaji
ATL,4094280,4299000,4503720,6904203,,,8393280,Kobe Bufkin
BOS,4037277,6696429,7232143,7767857,8303571,,34037277,Payton Pritchard
DAL,4000000,4000000,,,,,8000000,Seth Curry
DAL,4000000,4000000,4000000,,,,8000000,Dwight Powell
MIN,4000000,4000000,,,,,4000000,Troy Brown Jr.
GSW,3918480,5803269,,,,,9721749,Moses Moody
CHO,3908160,4094280,6276531,,,,8002440,Mark Williams
MIN,3901399,22586207,24393104,26200001,28006898,29813790,134901399,Jaden McDaniels
UTA,3889800,4084200,4278960,6563925,,,7974000,Keyonte George
TOR,3873025,,,,,,3873025,Malachi Flynn
MEM,3845083,34005250,36725670,39446090,42166510,44886930,201075533,Desmond Bane
LAC,3835738,4027525,,,,,7863263,Russell Westbrook
MIA,3835738,4027525,,,,,3835738,Kevin Love
WAS,3722040,5705887,,,,,9427927,Corey Kispert
ATL,3712920,3889920,5967137,,,,7602840,AJ Griffin
LAL,3695040,3879840,4064640,6243288,,,7574880,Jalen Hood-Schifino
LAC,3666667,3938271,,,,,7604938,Amir Coffey
HOU,3536280,5424654,,,,,8960934,Alperen Sengun
HOU,3527160,3695160,5675766,,,,7222320,Tari Eason
MIA,3510600,3685800,3861600,5939141,,,7196400,Jaime Jaquez Jr.
WAS,3500000,,,,,,3500000,Mike Muscala
CHI,3360000,,,,,,3360000,Andre Drummond
CHI,5379706,,,,,,,Derrick Jones Jr.
NOP,3359280,5159854,,,,,8519134,Trey Murphy III
GSW,3352440,3519960,3687960,5679459,,,6872400,Brandin Podziemski
CHI,3350760,3510480,5399118,,,,6861240,Dalen Terry
HOU,3218160,3379080,3539760,5458310,,,6597240,Cam Whitmore
MEM,3199920,3352680,5163127,,,,6552600,Jake LaRavia
MEM,3196448,3356271,,,,,6552719,Derrick Rose
PHO,3196448,3356271,,,,,3196448,Eric Gordon
OKC,3191400,4908373,,,,,8099773,Tre Mann
BRK,3089520,3244080,3398640,5414034,,,6333600,Noah Clowney
SAS,3071880,3217920,4962033,,,,6289800,Malaki Branham
CHO,3047880,,,,,,3047880,Kai Jones
UTA,3044872,,,,,,3044872,Simone Fontecchio
SAS,3000000,3000000,3000000,3000000,,,3000000,Julian Champagnie
IND,3000000,,,,,,3000000,Jordan Nwora
DAL,3000000,3150000,,,,,3000000,Dante Exum
BRK,2966040,3114240,3262560,5366912,,,6080280,Dariq Whitehead
DEN,2949120,3089640,4921797,,,,6038760,Christian Braun
ATL,2925360,4510905,,,,,7436265,Jalen Johnson
MIA,2891467,3051153,,,,,2891467,Josh Richardson
POR,2847480,2990040,3132000,5315004,,,5837520,Kris Murray
POR,2844430,,,,,,2844430,Andrew Nicholson
UTA,2831160,2965920,4878938,,,,5797080,Walker Kessler
PHO,2815937,2956734,,,,,2815937,Josh Okogie
PHO,2808720,,,,,,2808720,Keon Johnson
UTA,2800000,2660000,,,,,5460000,Omer Yurtseven
DET,2748674,2748674,,,,,5497348,Dewayne Dedmon
DAL,2733720,2870400,3007080,5259383,,,5604120,Olivier-Maxence Prosper
MEM,2718240,2847240,4831766,,,,5565480,David Roddy
LAL,2709849,3036040,,,,,2709849,Christian Wood
IND,2696280,4435381,,,,,7131661,Isaiah Jackson
DET,2624040,2755080,2886720,5198983,,,5379120,Marcus Sasser
MIL,2609400,2733720,4781276,,,,5343120,MarJon Beauchamp
SAS,2600000,2500000,2500000,,,,2600000,Charles Bassey
OKC,2588400,,,,,,2588400,Usman Garuba
CLE,2586665,,,,,,2586665,Damian Jones
UTA,2586665,,,,,,,Kris Dunn
ATL,2581522,2717391,2853260,,,,,Bruno Fernando
IND,2537160,2663880,2790720,5031669,,,5201040,Ben Sheppard
MIA,2528233,2845342,,,,,5373575,Thomas Bryant
CHI,2528233,2845342,,,,,5373575,Torrey Craig
PHO,2528233,2845342,,,,,2528233,Damion Lee
SAS,2504640,2624280,4726328,,,,5128920,Blake Wesley
MEM,2485200,,,,,,2485200,Josh Christopher
CHO,2463960,2587200,2710680,4890067,,,5051160,Nick Smith Jr.
UTA,2448600,2571480,2693760,4862237,,,5020080,Brice Sensabaugh
CLE,2439025,2560975,,,,,5000000,Ty Jerome
DEN,2431080,2552520,2674200,4826931,,,4983600,Julian Strawther
MIN,2421720,2537040,4574283,,,,4958760,Wendell Moore Jr.
LAC,2413320,2533920,2654880,4792059,,,4947240,Kobe Brown
BOS,2413304,,,,,,,Luke Kornet
MEM,2400000,6165000,6165000,6165000,,,20895000,John Konchar
NYK,2385720,4296682,,,,,6682402,Quentin Grimes
MIA,2352000,2464200,4445417,,,,4816200,Nikola Jovic
DAL,4368030,2208856,2208856,2208856,2208856,,11183748,JaVale McGee
PHO,2346614,2654644,,,,,5001258,Drew Eubanks
PHO,2346614,2654644,,,,,5001258,Keita Bates-Diop
PHO,2346614,2654644,,,,,2346614,Yuta Watanabe
WAS,2337720,2448840,4420156,,,,4786560,Patrick Baldwin Jr.
OKC,2320440,,,,,,2320440,TyTy Washington Jr.
MIN,2320000,,,,,,2320000,Jordan McLaughlin
LAC,2306400,4158439,,,,,6464839,Bones Hyland
DEN,2303520,2413560,4356476,,,,4717080,Peyton Watson
BRK,2240160,4041249,,,,,2240160,Cam Thomas
DEN,2234359,2346606,,,,,2234359,Vlatko Cancar
PHI,2226240,4018363,,,,,6244603,Jaden Springer
BRK,2210040,3989122,,,,,2210040,Day'Ron Sharpe
MEM,2194200,3960531,,,,,6154731,Santi Aldama
LAL,2165000,2463946,,,,,2165000,Jaxson Hayes
LAL,2165000,2463946,,,,,2165000,Cam Reddish
BOS,2165000,2463946,,,,,2165000,Oshae Brissett
IND,2131905,2019699,2187451,,,,4151604,Andrew Nembhard
ORL,2066585,,,,,,2066585,Goga Bitadze
UTA,2066585,,,,,,,Luka Samanic
NYK,2066585,,,,,,,DaQuan Jeffries
SAC,2019706,2120693,2221677,2406205,,,4140399,Colby Jones
WAS,2019706,,,,,,2019706,Taj Gibson
TOR,2019706,,,,,,2019706,Garrett Temple
SAS,2019706,,,,,,2019706,Sandro Mamukelashvili
SAC,4368030,2208856,2208856,2208856,2208856,,2019706,JaVale McGee
SAC,2019706,,,,,,2019706,Alex Len
PHO,2019706,,,,,,2019706,Bol Bol
PHO,2019706,,,,,,2019706,Chimezie Metu
PHI,2019706,,,,,,2019706,Montrezl Harrell
PHI,2019706,,,,,,2019706,Kelly Oubre Jr.
PHI,2019706,,,,,,2019706,Patrick Beverley
PHI,2019706,,,,,,2019706,Mo Bamba
NYK,2019706,,,,,,2019706,Dylan Windler
NYK,2019706,,,,,,2019706,Ryan Arcidiacono
NOP,2019706,,,,,,2019706,Cody Zeller
MIL,8519706,,,,,,2019706,Cameron Payne
MIL,2019706,,,,,,2019706,Thanasis Antetokounmpo
MIL,2019706,,,,,,2019706,Jae Crowder
MIL,2019706,,,,,,2019706,Malik Beasley
MIL,2019706,,,,,,2019706,Robin Lopez
HOU,13033786,,,,,,2019706,Reggie Bullock
GSW,2019706,,,,,,2019706,Dario Saric
GSW,2019706,,,,,,2019706,Cory Joseph
DEN,2019706,,,,,,2019706,DeAndre Jordan
DEN,2019706,,,,,,2019706,Justin Holiday
DAL,2019706,,,,,,2019706,Markieff Morris
DAL,5379706,,,,,,2019706,Derrick Jones Jr.
CHO,2019706,,,,,,2019706,Ish Smith
BRK,2019706,,,,,,2019706,Harry Giles
BRK,2019706,,,,,,2019706,Lonnie Walker IV
BRK,2019706,,,,,,2019706,Dennis Smith Jr.
BOS,2419706,,,,,,2019706,Lamar Stevens
ATL,2019706,,,,,,2019706,Wesley Matthews
POR,2019706,,,,,,,Moses Brown
HOU,2019706,,,,,,,Boban Marjanovic
HOU,2019706,,,,,,,Aaron Holiday
CLE,2019706,,,,,,,Tristan Thompson
CHO,2019706,,,,,,,Frank Ntilikina
CHI,2019706,2196970,,,,,,Terry Taylor
BRK,2019706,,,,,,,Trendon Watford
BOS,2019706,,,,,,,Svi Mykhailiuk
BOS,2019706,2196970,,,,,,Dalano Banton
ORL,2000000,2019699,2187699,,,,2000000,Caleb Houstan
OKC,2000000,2019699,2187451,,,,2000000,Jaylin Williams
ATL,2000000,2230253,,,,,,Garrison Mathews
CLE,1997238,2164993,,,,,4162231,Sam Merrill
WAS,1997238,,,,,,1997238,Anthony Gill
OKC,1997238,2164993,,,,,,Isaiah Joe
PHI,1930681,,,,,,1930681,KJ Martin
NOP,1930681,,,,,,1930681,Naji Marshall
MEM,1930681,,,,,,1930681,Xavier Tillman Sr.
BOS,1927896,2092344,,,,,4020240,Sam Hauser
SAC,1927896,,,,,,1927896,Kessler Edwards
POR,1927896,,,,,,1927896,Ish Wainright
NYK,1927896,2092344,,,,,600000,Jericho Sims
PHO,1927896,2092344,,,,,,Jordan Goodwin
MIA,1902137,,,,,,1902137,Haywood Highsmith
MIL,1901769,2120693,2301587,,,,1901769,A.J. Green
HOU,1900000,,,,,,1900000,Jeremiah Robinson-Earl
DET,1845593,,,,,,1845593,Kevin Knox
NYK,1836096,,,,,,1836096,Miles McBride
MEM,1836096,,,,,,1836096,Isaiah Todd
LAC,1836096,,,,,,1836096,Brandon Boston Jr.
DET,1836096,,,,,,1836096,Isaiah Livers
OKC,1836096,1988598,,,,,,Aaron Wiggins
NOP,1836096,1988598,,,,,,Jose Alvarado
CHO,1836096,1988598,,,,,,JT Thor
NOP,1801769,2120693,2301587,,,,3922462,E.J. Liddell
MIA,1801769,2120693,,,,,1801769,Orlando Robinson
MIA,1801769,2120693,,,,,,Dru Smith
MIN,1800000,1891857,2221677,2406205,,,3691857,Leonard Miller
POR,1799163,,,,,,,Skylar Mays
LAC,6105941,2196970,,,,,1764341,Joshua Primo
LAC,8670002,,,,,,1741126,Daniel Theis
MEM,1719864,2019699,,,,,3739563,Kennedy Chandler
DAL,1719864,2019699,,,,,2119864,Jaden Hardy
WAS,1719864,,,,,,1719864,Xavier Cooks
WAS,1719864,2019699,,,,,1719864,Ryan Rollins
TOR,1719864,2019699,,,,,1719864,Christian Koloko
POR,1719864,2019699,,,,,1719864,Jabari Walker
MIN,1719864,2019699,2187451,,,,1719864,Josh Minott
MEM,1719864,2019699,2187451,,,,1719864,Kenneth Lofton Jr.
LAL,1719864,,,,,,1719864,Max Christie
CHO,1719864,2019699,2187451,,,,1719864,Bryce McGowens
DEN,1708143,1891857,2221677,2406205,,,5821677,Jalen Pickett
CHI,1600000,1891857,2221677,2406205,,,5713534,Julian Phillips
POR,1300000,1300000,,,,,2600000,Eric Bledsoe
SAS,1119563,1891857,2221677,,,,5233097,Sidy Cissoko
DEN,1119563,1891857,2221677,2406205,,,5233097,Hunter Tyson
BOS,1119563,1891857,2221677,2406205,,,3211420,Jordan Walsh
POR,1119563,1891857,2221677,,,,3011420,Rayan Rupert
MIL,1119563,1891857,2221677,2406205,,,3011420,Chris Livingston
LAL,1119563,1891857,2221677,2406205,,,3011420,Maxwell Lewis
GSW,1119563,1891857,2221677,2406205,,,3011420,Trayce Jackson-Davis
ATL,1119563,1891857,2221677,2406205,,,3011420,Mouhamed Gueye
POR,1119563,1891857,2221677,2406205,,,1119563,Toumani Camara
MIL,1119563,1891857,2221677,2406205,,,1119563,Andre Jackson Jr.
GSW,1029483,1891857,2221677,,,,75000,Gui Santos
IND,702311,702310,,,,,1404621,Nik Stauskas
OKC,600000,,,,,,600000,Jack White
IND,576230,576229,,,,,1152459,Juwan Morgan
SAC,559782,,,,,,559782,Filip Petrusev
IND,555217,555216,,,,,1110433,Malik Fitts
SAS,2419706,,,,,,400000,Lamar Stevens
SAC,300000,,,,,,300000,Nerlens Noel
POR,268032,268032,268032,268032,268032,268032,1608192,Didi Louzada
SAC,250000,,,,,,250000,Neemias Queta
PHI,200000,,,,,,200000,Danny Green
BOS,92857,,,,,,92857,Demetrius Jackson
